uid,type,offset
HNBCVM4KbUM,Real,0
HNBCVM4KbUM,Real,60
HNBCVM4KbUM,Real,120
1ti2YCFgCoI,Real,0
1ti2YCFgCoI,Real,60
1ti2YCFgCoI,Real,120
1ti2YCFgCoI,Real,180
69RdQFDuYPI,Real,0
69RdQFDuYPI,Real,60
69RdQFDuYPI,Real,120
oqVy6eRXc7Q,Real,0
oqVy6eRXc7Q,Real,60
oqVy6eRXc7Q,Real,120
uMUQMSXLlHM,Real,0
uMUQMSXLlHM,Real,60
LzZ5PeBHZl0,Real,0
LzZ5PeBHZl0,Real,60
vjC2WT7VOyE,Real,0
vjC2WT7VOyE,Real,60
vjC2WT7VOyE,Real,120
vjC2WT7VOyE,Real,180
vjC2WT7VOyE,Real,240
vjC2WT7VOyE,Real,300
vjC2WT7VOyE,Real,360
pEwEOv1QRk8,Real,0
pEwEOv1QRk8,Real,60
pEwEOv1QRk8,Real,120
pEwEOv1QRk8,Real,180
JE4ja5oErfA,Real,0
JE4ja5oErfA,Real,60
JE4ja5oErfA,Real,120
iqi6Xn5DQlQ,Real,0
iqi6Xn5DQlQ,Real,60
iqi6Xn5DQlQ,Real,120
oGN3R49-CAE,Real,0
oGN3R49-CAE,Real,60
oGN3R49-CAE,Real,120
2m76FRV92Rg,Real,0
2m76FRV92Rg,Real,60
2m76FRV92Rg,Real,120
2m76FRV92Rg,Real,180
7qXHU6wla8A,Real,0
7qXHU6wla8A,Real,60
7qXHU6wla8A,Real,120
AFky4_XpB6c,Real,0
AFky4_XpB6c,Real,60
AFky4_XpB6c,Real,120
AFky4_XpB6c,Real,180
zL3rt6RTqps,Real,0
zL3rt6RTqps,Real,60
zL3rt6RTqps,Real,120
FTvehe6kPjU,Real,0
FTvehe6kPjU,Real,60
FTvehe6kPjU,Real,120
FTvehe6kPjU,Real,180
6cIePqdz03A,Real,0
6cIePqdz03A,Real,60
6cIePqdz03A,Real,120
6cIePqdz03A,Real,180
h87cbH7Iogc,Real,0
h87cbH7Iogc,Real,60
h87cbH7Iogc,Real,120
h87cbH7Iogc,Real,180
2DMTgTaWGnE,Real,0
2DMTgTaWGnE,Real,60
2DMTgTaWGnE,Real,120
2DMTgTaWGnE,Real,180
mnq1whAJ05Q,Real,0
mnq1whAJ05Q,Real,60
mnq1whAJ05Q,Real,120
MrHxhQPOO2c,Real,0
MrHxhQPOO2c,Real,60
MrHxhQPOO2c,Real,120
m3Uh24QiJUI,Real,0
m3Uh24QiJUI,Real,60
m3Uh24QiJUI,Real,120
m3Uh24QiJUI,Real,180
7Znh0OM9jiA,Real,0
7Znh0OM9jiA,Real,60
7Znh0OM9jiA,Real,120
zCJYl9Irayk,Real,0
zCJYl9Irayk,Real,60
zCJYl9Irayk,Real,120
U7dBMYUyRAQ,Real,0
U7dBMYUyRAQ,Real,60
Yhx_R7dvVFA,Real,0
Yhx_R7dvVFA,Real,60
Yhx_R7dvVFA,Real,120
PWpjzC1VjAs,Real,0
PWpjzC1VjAs,Real,60
PWpjzC1VjAs,Real,120
Emvss6IUELo,Real,0
Emvss6IUELo,Real,60
Emvss6IUELo,Real,120
BBH4ZJdFpcA,Real,0
BBH4ZJdFpcA,Real,60
BBH4ZJdFpcA,Real,120
uSXpEE0gLKA,Real,0
uSXpEE0gLKA,Real,60
uSXpEE0gLKA,Real,120
LhhIpYEvKX8,Real,0
LhhIpYEvKX8,Real,60
LhhIpYEvKX8,Real,120
x0GV5IMD3l0,Real,0
x0GV5IMD3l0,Real,60
x0GV5IMD3l0,Real,120
x0GV5IMD3l0,Real,180
_v39Cx_jlPE,Real,0
_v39Cx_jlPE,Real,60
_v39Cx_jlPE,Real,120
_v39Cx_jlPE,Real,180
n5Rl1y93i_A,Real,0
n5Rl1y93i_A,Real,60
n5Rl1y93i_A,Real,120
n5Rl1y93i_A,Real,180
TEIYkQR-kgk,Real,0
TEIYkQR-kgk,Real,60
TEIYkQR-kgk,Real,120
PduabDccy0o,Real,0
PduabDccy0o,Real,60
PduabDccy0o,Real,120
PduabDccy0o,Real,180
v05pQ3BbyGk,Real,0
v05pQ3BbyGk,Real,60
v05pQ3BbyGk,Real,120
NdplRwBaDV8,Real,0
NdplRwBaDV8,Real,60
NdplRwBaDV8,Real,120
NdplRwBaDV8,Real,180
O18SUSM312k,Real,0
O18SUSM312k,Real,60
vl0ob31t7A8,Real,0
vl0ob31t7A8,Real,60
vl0ob31t7A8,Real,120
vl0ob31t7A8,Real,180
7TRoe44hbCM,Real,0
7TRoe44hbCM,Real,60
7TRoe44hbCM,Real,120
EEfVM4MQ6Cg,Real,0
EEfVM4MQ6Cg,Real,60
EEfVM4MQ6Cg,Real,120
EEfVM4MQ6Cg,Real,180
1ausZWB1PCw,Real,0
1ausZWB1PCw,Real,60
1ausZWB1PCw,Real,120
RtgszT1gpE0,Real,0
RtgszT1gpE0,Real,60
RtgszT1gpE0,Real,120
RtgszT1gpE0,Real,180
GQZIIRi1CTw,Real,0
GQZIIRi1CTw,Real,60
GQZIIRi1CTw,Real,120
GQZIIRi1CTw,Real,180
GQZIIRi1CTw,Real,240
GQZIIRi1CTw,Real,300
GQZIIRi1CTw,Real,360
GQZIIRi1CTw,Real,420
GQZIIRi1CTw,Real,480
GQZIIRi1CTw,Real,540
qilDiK7FRsQ,Real,0
qilDiK7FRsQ,Real,60
qilDiK7FRsQ,Real,120
rIDPwbpGIQ8,Real,0
rIDPwbpGIQ8,Real,60
rIDPwbpGIQ8,Real,120
O2l8JKiKZec,Real,0
O2l8JKiKZec,Real,60
O2l8JKiKZec,Real,120
O2l8JKiKZec,Real,180
ulD_dsEQYd8,Real,0
ulD_dsEQYd8,Real,60
ulD_dsEQYd8,Real,120
ulD_dsEQYd8,Real,180
1l37GDH7wdk,Real,0
1l37GDH7wdk,Real,60
1l37GDH7wdk,Real,120
idBsmslkKDs,Real,0
idBsmslkKDs,Real,60
idBsmslkKDs,Real,120
idBsmslkKDs,Real,180
idBsmslkKDs,Real,240
TGT2JYhyst8,Real,0
TGT2JYhyst8,Real,60
TGT2JYhyst8,Real,120
TGT2JYhyst8,Real,180
smtRhMDEF0w,Real,0
smtRhMDEF0w,Real,60
smtRhMDEF0w,Real,120
179J0VoL_HM,Real,0
179J0VoL_HM,Real,60
179J0VoL_HM,Real,120
MY41RCM8Rio,Real,0
MY41RCM8Rio,Real,60
MY41RCM8Rio,Real,120
ly2rzQqFhFw,Real,0
ly2rzQqFhFw,Real,60
ly2rzQqFhFw,Real,120
ly2rzQqFhFw,Real,180
CgSxPOT8ss4,Real,0
CgSxPOT8ss4,Real,60
CgSxPOT8ss4,Real,120
L-S-aqQmX9o,Real,0
L-S-aqQmX9o,Real,60
RTSWsx3de0A,Real,0
RTSWsx3de0A,Real,60
RTSWsx3de0A,Real,120
oszXo8tu64g,Real,0
oszXo8tu64g,Real,60
oszXo8tu64g,Real,120
waQG9VjOtCE,Real,0
waQG9VjOtCE,Real,60
waQG9VjOtCE,Real,120
waQG9VjOtCE,Real,180
WlyjAR25X38,Real,0
WlyjAR25X38,Real,60
WlyjAR25X38,Real,120
WlyjAR25X38,Real,180
WlyjAR25X38,Real,240
cwi1xN5IHWA,Real,0
cwi1xN5IHWA,Real,60
cwi1xN5IHWA,Real,120
epi2-0Gig4M,Real,0
epi2-0Gig4M,Real,60
epi2-0Gig4M,Real,120
epi2-0Gig4M,Real,180
nrNXsHXxFWo,Real,0
nrNXsHXxFWo,Real,60
nrNXsHXxFWo,Real,120
nrNXsHXxFWo,Real,180
Urtxp0QdTxI,Real,0
Urtxp0QdTxI,Real,60
Urtxp0QdTxI,Real,120
DbVeDAnwa_0,Real,0
DbVeDAnwa_0,Real,60
DbVeDAnwa_0,Real,120
JAMZCo0NBqc,Real,0
JAMZCo0NBqc,Real,60
iF8eandzS0I,Real,0
iF8eandzS0I,Real,60
iF8eandzS0I,Real,120
eatYWXMHUAw,Real,0
eatYWXMHUAw,Real,60
eatYWXMHUAw,Real,120
eatYWXMHUAw,Real,180
VGeYWzcEvgI,Real,0
VGeYWzcEvgI,Real,60
VGeYWzcEvgI,Real,120
VGeYWzcEvgI,Real,180
pkHvNXxx6BY,Real,0
pkHvNXxx6BY,Real,60
pkHvNXxx6BY,Real,120
pkHvNXxx6BY,Real,180
pkHvNXxx6BY,Real,240
pkHvNXxx6BY,Real,300
pkHvNXxx6BY,Real,360
pkHvNXxx6BY,Real,420
pkHvNXxx6BY,Real,480
pkHvNXxx6BY,Real,540
pkHvNXxx6BY,Real,600
pkHvNXxx6BY,Real,660
pkHvNXxx6BY,Real,720
pkHvNXxx6BY,Real,780
E3eTbRhcXlM,Real,0
E3eTbRhcXlM,Real,60
E3eTbRhcXlM,Real,120
E3eTbRhcXlM,Real,180
Psoxe-aiYEE,Real,0
Psoxe-aiYEE,Real,60
Psoxe-aiYEE,Real,120
-O5OeLVXEmk,Real,0
-O5OeLVXEmk,Real,60
-O5OeLVXEmk,Real,120
j7vQSWXXwac,Real,0
j7vQSWXXwac,Real,60
j7vQSWXXwac,Real,120
j7vQSWXXwac,Real,180
j7vQSWXXwac,Real,240
Y37oNfK4WW0,Real,0
Y37oNfK4WW0,Real,60
Y37oNfK4WW0,Real,120
Qndn0XJdsfQ,Real,0
Qndn0XJdsfQ,Real,60
Qndn0XJdsfQ,Real,120
Qndn0XJdsfQ,Real,180
d2FNC38h6W4,Real,0
d2FNC38h6W4,Real,60
d2FNC38h6W4,Real,120
d2FNC38h6W4,Real,180
1egIOR1ruCA,Real,0
1egIOR1ruCA,Real,60
1egIOR1ruCA,Real,120
1egIOR1ruCA,Real,180
hjfeSSIltVM,Real,0
hjfeSSIltVM,Real,60
hjfeSSIltVM,Real,120
AjAnVs_HQPI,Real,0
AjAnVs_HQPI,Real,60
AjAnVs_HQPI,Real,120
AjAnVs_HQPI,Real,180
AjAnVs_HQPI,Real,240
AjAnVs_HQPI,Real,300
AjAnVs_HQPI,Real,360
AjAnVs_HQPI,Real,420
AjAnVs_HQPI,Real,480
AjAnVs_HQPI,Real,540
AjAnVs_HQPI,Real,600
6-sHQtGtfGE,Real,0
6-sHQtGtfGE,Real,60
6-sHQtGtfGE,Real,120
toi-AOOFWog,Real,0
toi-AOOFWog,Real,60
toi-AOOFWog,Real,120
toi-AOOFWog,Real,180
pYL-qoFk-jU,Real,0
pYL-qoFk-jU,Real,60
pYL-qoFk-jU,Real,120
pYL-qoFk-jU,Real,180
pYL-qoFk-jU,Real,240
aKJ2I8OUdtU,Real,0
aKJ2I8OUdtU,Real,60
aKJ2I8OUdtU,Real,120
J2NbBYsx6co,Real,0
J2NbBYsx6co,Real,60
J2NbBYsx6co,Real,120
yuX3n_P7bxA,Real,0
yuX3n_P7bxA,Real,60
yuX3n_P7bxA,Real,120
yuX3n_P7bxA,Real,180
yuX3n_P7bxA,Real,240
yuX3n_P7bxA,Real,300
yuX3n_P7bxA,Real,360
yuX3n_P7bxA,Real,420
yuX3n_P7bxA,Real,480
yuX3n_P7bxA,Real,540
yuX3n_P7bxA,Real,600
yuX3n_P7bxA,Real,660
yuX3n_P7bxA,Real,720
Eu82IWVBgug,Real,0
Eu82IWVBgug,Real,60
Eu82IWVBgug,Real,120
Eu82IWVBgug,Real,180
ov3vSox-eEM,Real,0
ov3vSox-eEM,Real,60
ov3vSox-eEM,Real,120
ov3vSox-eEM,Real,180
RiuH-DixzZw,Real,0
RiuH-DixzZw,Real,60
RiuH-DixzZw,Real,120
RiuH-DixzZw,Real,180
I8JU_gBEmpc,Real,0
I8JU_gBEmpc,Real,60
I8JU_gBEmpc,Real,120
I8JU_gBEmpc,Real,180
6Z5b8vI5oEM,Real,0
6Z5b8vI5oEM,Real,60
6Z5b8vI5oEM,Real,120
sONkj4Zm0tU,Real,0
sONkj4Zm0tU,Real,60
sONkj4Zm0tU,Real,120
sONkj4Zm0tU,Real,180
FU8J0y1OmKE,Real,0
FU8J0y1OmKE,Real,60
FU8J0y1OmKE,Real,120
FU8J0y1OmKE,Real,180
qjg8O9WsJ40,Real,0
qjg8O9WsJ40,Real,60
qjg8O9WsJ40,Real,120
qjg8O9WsJ40,Real,180
qjg8O9WsJ40,Real,240
dknyiE1m0XM,Real,0
dknyiE1m0XM,Real,60
dknyiE1m0XM,Real,120
Dac2JxsjgPU,Real,0
Dac2JxsjgPU,Real,60
Dac2JxsjgPU,Real,120
IdnA-BcydHk,Real,0
IdnA-BcydHk,Real,60
IdnA-BcydHk,Real,120
IdnA-BcydHk,Real,180
jEUg1sR_q4A,Real,0
jEUg1sR_q4A,Real,60
jEUg1sR_q4A,Real,120
jEUg1sR_q4A,Real,180
i6MWS1j_K4w,Real,0
i6MWS1j_K4w,Real,60
i6MWS1j_K4w,Real,120
KKxfXyWfNTI,Real,0
KKxfXyWfNTI,Real,60
lFLesUKRKfY,Real,0
lFLesUKRKfY,Real,60
lFLesUKRKfY,Real,120
3xvapkAhIJ0,Real,0
3xvapkAhIJ0,Real,60
3xvapkAhIJ0,Real,120
3xvapkAhIJ0,Real,180
xTQ83c4yvkI,Real,0
xTQ83c4yvkI,Real,60
xTQ83c4yvkI,Real,120
xTQ83c4yvkI,Real,180
GxbpEvPTwyA,Real,0
GxbpEvPTwyA,Real,60
GxbpEvPTwyA,Real,120
9AwrnihQCbA,Real,0
9AwrnihQCbA,Real,60
9AwrnihQCbA,Real,120
9AwrnihQCbA,Real,180
Vg3zluYpgfc,Real,0
Vg3zluYpgfc,Real,60
Vg3zluYpgfc,Real,120
Ali16T4q6N8,Real,0
Ali16T4q6N8,Real,60
Ali16T4q6N8,Real,120
Ali16T4q6N8,Real,180
c9LeQiiEihA,Real,0
c9LeQiiEihA,Real,60
c9LeQiiEihA,Real,120
LnG6koks-kc,Real,0
LnG6koks-kc,Real,60
LnG6koks-kc,Real,120
LnG6koks-kc,Real,180
B82PHwtcMto,Real,0
B82PHwtcMto,Real,60
B82PHwtcMto,Real,120
B82PHwtcMto,Real,180
B82PHwtcMto,Real,240
K2l3RarQU6U,Real,0
K2l3RarQU6U,Real,60
K2l3RarQU6U,Real,120
K2l3RarQU6U,Real,180
NPjk8SvsJMk,Real,0
NPjk8SvsJMk,Real,60
NPjk8SvsJMk,Real,120
NPjk8SvsJMk,Real,180
AdZj_JXfa5I,Real,0
AdZj_JXfa5I,Real,60
AdZj_JXfa5I,Real,120
AdZj_JXfa5I,Real,180
4NbCjhPzr-A,Real,0
4NbCjhPzr-A,Real,60
4NbCjhPzr-A,Real,120
4NbCjhPzr-A,Real,180
4NbCjhPzr-A,Real,240
gAMZMWvAxjo,Real,0
gAMZMWvAxjo,Real,60
gAMZMWvAxjo,Real,120
MYp_gJQwRx8,Real,0
MYp_gJQwRx8,Real,60
MYp_gJQwRx8,Real,120
MP3Cu1UZbZc,Real,0
MP3Cu1UZbZc,Real,60
MP3Cu1UZbZc,Real,120
3A0ETb9z_PQ,Real,0
3A0ETb9z_PQ,Real,60
3A0ETb9z_PQ,Real,120
uA112N_meog,Real,0
uA112N_meog,Real,60
uA112N_meog,Real,120
Em1ciK2xpcw,Real,0
Em1ciK2xpcw,Real,60
Em1ciK2xpcw,Real,120
Em1ciK2xpcw,Real,180
Q7JYvWpCMJI,Real,0
Q7JYvWpCMJI,Real,60
Q7JYvWpCMJI,Real,120
Q7JYvWpCMJI,Real,180
jNPdBP_4dyc,Real,0
jNPdBP_4dyc,Real,60
jNPdBP_4dyc,Real,120
jNPdBP_4dyc,Real,180
wTrJ1mWach0,Real,0
wTrJ1mWach0,Real,60
wTrJ1mWach0,Real,120
wTrJ1mWach0,Real,180
WcqK9Ls7Eos,Real,0
WcqK9Ls7Eos,Real,60
WcqK9Ls7Eos,Real,120
WcqK9Ls7Eos,Real,180
siawqK8fjGs,Real,0
siawqK8fjGs,Real,60
siawqK8fjGs,Real,120
siawqK8fjGs,Real,180
siawqK8fjGs,Real,240
v86zbB9ONsU,Real,0
v86zbB9ONsU,Real,60
v86zbB9ONsU,Real,120
v86zbB9ONsU,Real,180
-Ctg1FK0sYE,Real,0
-Ctg1FK0sYE,Real,60
_BAv5lA_bzQ,Real,0
_BAv5lA_bzQ,Real,60
_BAv5lA_bzQ,Real,120
yR8XrBKLc1E,Real,0
yR8XrBKLc1E,Real,60
yR8XrBKLc1E,Real,120
DVGx7s2d0zk,Real,0
DVGx7s2d0zk,Real,60
abVMvBOI7ng,Real,0
abVMvBOI7ng,Real,60
abVMvBOI7ng,Real,120
abVMvBOI7ng,Real,180
9HhN3iNmFb8,Real,0
9HhN3iNmFb8,Real,60
_HRnS9y5zzg,Real,0
_HRnS9y5zzg,Real,60
RxWmjMMhApE,Real,0
RxWmjMMhApE,Real,60
RxWmjMMhApE,Real,120
xhkNb3XXats,Real,0
xhkNb3XXats,Real,60
xhkNb3XXats,Real,120
7cC8ZZa-Grw,Real,0
7cC8ZZa-Grw,Real,60
7cC8ZZa-Grw,Real,120
7cC8ZZa-Grw,Real,180
g_WINUbpjmM,Real,0
g_WINUbpjmM,Real,60
g_WINUbpjmM,Real,120
xgEcXALPzN0,Real,0
xgEcXALPzN0,Real,60
xgEcXALPzN0,Real,120
Lh4aoEgnt4g,Real,0
Lh4aoEgnt4g,Real,60
Lh4aoEgnt4g,Real,120
VA9gRfaiK2o,Real,0
VA9gRfaiK2o,Real,60
VA9gRfaiK2o,Real,120
VA9gRfaiK2o,Real,180
IIw3BtSPHtI,Real,0
IIw3BtSPHtI,Real,60
IIw3BtSPHtI,Real,120
E25u3xfiNW8,Real,0
E25u3xfiNW8,Real,60
E25u3xfiNW8,Real,120
E25u3xfiNW8,Real,180
E25u3xfiNW8,Real,240
E25u3xfiNW8,Real,300
E25u3xfiNW8,Real,360
E25u3xfiNW8,Real,420
E25u3xfiNW8,Real,480
E25u3xfiNW8,Real,540
E25u3xfiNW8,Real,600
wbCrYBWh62Y,Real,0
wbCrYBWh62Y,Real,60
wbCrYBWh62Y,Real,0
wbCrYBWh62Y,Real,60
OdhEAl_sI1A,Real,0
OdhEAl_sI1A,Real,60
OdhEAl_sI1A,Real,120
4-JBjuxq0sw,Real,0
4-JBjuxq0sw,Real,60
4-JBjuxq0sw,Real,120
3epH_KNnwYE,Real,0
3epH_KNnwYE,Real,60
3epH_KNnwYE,Real,120
UcVAKRRhQc4,Real,0
UcVAKRRhQc4,Real,60
UcVAKRRhQc4,Real,120
UcVAKRRhQc4,Real,180
UcVAKRRhQc4,Real,240
UcVAKRRhQc4,Real,300
UcVAKRRhQc4,Real,360
UcVAKRRhQc4,Real,420
UcVAKRRhQc4,Real,480
UcVAKRRhQc4,Real,540
UcVAKRRhQc4,Real,600
UcVAKRRhQc4,Real,660
UcVAKRRhQc4,Real,720
UcVAKRRhQc4,Real,780
UcVAKRRhQc4,Real,840
UcVAKRRhQc4,Real,900
UcVAKRRhQc4,Real,960
UcVAKRRhQc4,Real,1020
UcVAKRRhQc4,Real,1080
UcVAKRRhQc4,Real,1140
UcVAKRRhQc4,Real,1200
UcVAKRRhQc4,Real,1260
UcVAKRRhQc4,Real,1320
UcVAKRRhQc4,Real,1380
UcVAKRRhQc4,Real,1440
UcVAKRRhQc4,Real,1500
UcVAKRRhQc4,Real,1560
UcVAKRRhQc4,Real,1620
W9mvTNh-plY,Real,0
W9mvTNh-plY,Real,60
W9mvTNh-plY,Real,120
HBDhHZRmMW4,Real,0
HBDhHZRmMW4,Real,60
HBDhHZRmMW4,Real,120
uozhx1xeTDg,Real,0
uozhx1xeTDg,Real,60
uozhx1xeTDg,Real,120
uozhx1xeTDg,Real,180
g1ogOfIilbo,Real,0
g1ogOfIilbo,Real,60
g1ogOfIilbo,Real,120
jMPOAyhDmXs,Real,0
jMPOAyhDmXs,Real,60
jMPOAyhDmXs,Real,120
6WX4Ugjh7dE,Real,0
6WX4Ugjh7dE,Real,60
6WX4Ugjh7dE,Real,120
6WX4Ugjh7dE,Real,180
sW_ePQRvrKI,Real,0
sW_ePQRvrKI,Real,60
sW_ePQRvrKI,Real,120
sW_ePQRvrKI,Real,180
D_rkOdie5KY,Real,0
D_rkOdie5KY,Real,60
D_rkOdie5KY,Real,120
E_LWp7z_Grk,Real,0
E_LWp7z_Grk,Real,60
E_LWp7z_Grk,Real,120
uCPeIBulq9I,Real,0
uCPeIBulq9I,Real,60
uCPeIBulq9I,Real,120
WI-xQ7IksUc,Real,0
WI-xQ7IksUc,Real,60
WI-xQ7IksUc,Real,120
B5N5wMbu8KQ,Real,0
B5N5wMbu8KQ,Real,60
B5N5wMbu8KQ,Real,120
dyRN8CzOBzc,Real,0
dyRN8CzOBzc,Real,60
dyRN8CzOBzc,Real,120
ZEuCEQTp7Bc,Real,0
ZEuCEQTp7Bc,Real,60
ZEuCEQTp7Bc,Real,120
HDan4GiflkA,Real,0
HDan4GiflkA,Real,60
HDan4GiflkA,Real,120
Uq8fqmSzsRI,Real,0
Uq8fqmSzsRI,Real,60
Uq8fqmSzsRI,Real,120
gNT_gM-fMhA,Real,0
gNT_gM-fMhA,Real,60
gNT_gM-fMhA,Real,120
gNT_gM-fMhA,Real,180
Dj-E-YnyLK4,Real,0
Dj-E-YnyLK4,Real,60
Dj-E-YnyLK4,Real,120
cHc9k_opCyw,Real,0
cHc9k_opCyw,Real,60
cHc9k_opCyw,Real,120
cHc9k_opCyw,Real,180
cHc9k_opCyw,Real,240
_kD2UkV0QPA,Real,0
_kD2UkV0QPA,Real,60
_kD2UkV0QPA,Real,120
GwF_pMS9OuM,Real,0
GwF_pMS9OuM,Real,60
GwF_pMS9OuM,Real,120
iHOecNgHzHE,Real,0
iHOecNgHzHE,Real,60
iHOecNgHzHE,Real,120
iHOecNgHzHE,Real,180
KWEGXb2juvM,Real,0
KWEGXb2juvM,Real,60
KWEGXb2juvM,Real,120
KWEGXb2juvM,Real,180
KWEGXb2juvM,Real,240
KWEGXb2juvM,Real,300
8vCumnMX1HU,Real,0
8vCumnMX1HU,Real,60
8vCumnMX1HU,Real,120
8vCumnMX1HU,Real,180
8vCumnMX1HU,Real,240
TKWpr9CY_qw,Real,0
TKWpr9CY_qw,Real,60
TKWpr9CY_qw,Real,120
TKWpr9CY_qw,Real,180
fcEP801Xlow,Real,0
fcEP801Xlow,Real,60
fcEP801Xlow,Real,120
fcEP801Xlow,Real,180
uMUQMSXLlHM,Real,0
uMUQMSXLlHM,Real,60
1ti2YCFgCoI,Real,0
1ti2YCFgCoI,Real,60
1ti2YCFgCoI,Real,120
1ti2YCFgCoI,Real,180
JLYOOezs3DA,Real,0
JLYOOezs3DA,Real,60
JLYOOezs3DA,Real,120
JLYOOezs3DA,Real,180
69RdQFDuYPI,Real,0
69RdQFDuYPI,Real,60
69RdQFDuYPI,Real,120
6mmhYfpEXSM,Real,0
6mmhYfpEXSM,Real,60
6mmhYfpEXSM,Real,120
6mmhYfpEXSM,Real,180
6mmhYfpEXSM,Real,240
6mmhYfpEXSM,Real,300
6mmhYfpEXSM,Real,360
XE0xXv-jQAI,Real,0
XE0xXv-jQAI,Real,60
XE0xXv-jQAI,Real,120
VWxwbXLCPnc,Real,0
VWxwbXLCPnc,Real,60
VWxwbXLCPnc,Real,120
BO5arneLnjw,Real,0
BO5arneLnjw,Real,60
BO5arneLnjw,Real,120
lSPcs0ahYro,Real,0
lSPcs0ahYro,Real,60
lSPcs0ahYro,Real,120
lSPcs0ahYro,Real,180
C3oQ42reIKw,Real,0
C3oQ42reIKw,Real,60
C3oQ42reIKw,Real,120
BbPFqcriuN0,Real,0
BbPFqcriuN0,Real,60
BbPFqcriuN0,Real,120
SdZZ6y5BqYc,Real,0
SdZZ6y5BqYc,Real,60
SdZZ6y5BqYc,Real,120
-7WQ4K0zdAM,Real,0
-7WQ4K0zdAM,Real,60
-7WQ4K0zdAM,Real,120
-7WQ4K0zdAM,Real,180
-7WQ4K0zdAM,Real,240
YZ7K5Ovndw8,Real,0
YZ7K5Ovndw8,Real,60
YZ7K5Ovndw8,Real,120
YZ7K5Ovndw8,Real,180
000rVpi5-LU,Real,0
000rVpi5-LU,Real,60
000rVpi5-LU,Real,120
000rVpi5-LU,Real,180
000rVpi5-LU,Real,240
000rVpi5-LU,Real,300
000rVpi5-LU,Real,360
K6oYyG0KcvQ,Real,0
K6oYyG0KcvQ,Real,60
K6oYyG0KcvQ,Real,120
K6oYyG0KcvQ,Real,180
rX4WTQIxU1E,Real,0
rX4WTQIxU1E,Real,60
rX4WTQIxU1E,Real,120
DVVsXkbeqEo,Real,0
DVVsXkbeqEo,Real,60
DVVsXkbeqEo,Real,120
DVVsXkbeqEo,Real,180
f77NV7PM7MY,Real,0
f77NV7PM7MY,Real,60
f77NV7PM7MY,Real,120
f77NV7PM7MY,Real,180
f77NV7PM7MY,Real,240
f77NV7PM7MY,Real,300
CO1YS4Ff0aU,Real,0
CO1YS4Ff0aU,Real,60
CO1YS4Ff0aU,Real,120
CO1YS4Ff0aU,Real,180
CO1YS4Ff0aU,Real,240
CO1YS4Ff0aU,Real,300
rl6kSGdQANY,Real,0
rl6kSGdQANY,Real,60
rl6kSGdQANY,Real,120
rl6kSGdQANY,Real,180
rl6kSGdQANY,Real,240
rl6kSGdQANY,Real,300
rl6kSGdQANY,Real,360
rl6kSGdQANY,Real,420
rl6kSGdQANY,Real,480
ERU5AjJ0iG8,Real,0
ERU5AjJ0iG8,Real,60
ERU5AjJ0iG8,Real,120
ERU5AjJ0iG8,Real,180
_w8iqT4cVIg,Real,0
_w8iqT4cVIg,Real,60
_w8iqT4cVIg,Real,120
_w8iqT4cVIg,Real,180
_w8iqT4cVIg,Real,240
_w8iqT4cVIg,Real,300
e8B7yYXqrjM,Real,0
e8B7yYXqrjM,Real,60
e8B7yYXqrjM,Real,120
1FnYUkfRaBQ,Real,0
1FnYUkfRaBQ,Real,60
1FnYUkfRaBQ,Real,120
QQu8TVI3JtU,Real,0
QQu8TVI3JtU,Real,60
QQu8TVI3JtU,Real,120
5bJ_4MMAscQ,Real,0
5bJ_4MMAscQ,Real,60
5bJ_4MMAscQ,Real,120
oAm87VmwYOw,Real,0
oAm87VmwYOw,Real,60
oAm87VmwYOw,Real,120
oAm87VmwYOw,Real,180
gw5Euwz0qsA,Real,0
gw5Euwz0qsA,Real,60
gw5Euwz0qsA,Real,120
gw5Euwz0qsA,Real,180
gw5Euwz0qsA,Real,240
b-2n7VLBHi0,Real,0
b-2n7VLBHi0,Real,60
ysyoP2mjYWI,Real,0
ysyoP2mjYWI,Real,60
ysyoP2mjYWI,Real,120
RCHTAu4In70,Real,0
RCHTAu4In70,Real,60
5NXYSGcx1mM,Real,0
5NXYSGcx1mM,Real,60
5NXYSGcx1mM,Real,120
5NXYSGcx1mM,Real,180
6ZfYLAUNynE,Real,0
6ZfYLAUNynE,Real,60
6ZfYLAUNynE,Real,120
6ZfYLAUNynE,Real,180
6ZfYLAUNynE,Real,240
2Q3dGZPguSM,Real,0
2Q3dGZPguSM,Real,60
2Q3dGZPguSM,Real,120
TingYha7t7Y,Real,0
TingYha7t7Y,Real,60
TingYha7t7Y,Real,120
-SvridcLD-I,Real,0
-SvridcLD-I,Real,60
-SvridcLD-I,Real,120
_2wpfZEN8cU,Real,0
_2wpfZEN8cU,Real,60
_2wpfZEN8cU,Real,120
G7sL-_Nl2QY,Real,0
G7sL-_Nl2QY,Real,60
G7sL-_Nl2QY,Real,120
Hj8TcCopyzc,Real,0
Hj8TcCopyzc,Real,60
Hj8TcCopyzc,Real,120
QmqPWdEuwhw,Real,0
QmqPWdEuwhw,Real,60
QmqPWdEuwhw,Real,120
QmqPWdEuwhw,Real,180
qeIckqEWCvs,Real,0
qeIckqEWCvs,Real,60
qeIckqEWCvs,Real,120
sQepALP1Xwc,Real,0
sQepALP1Xwc,Real,60
sQepALP1Xwc,Real,120
UeyRvNFJgL0,Real,0
UeyRvNFJgL0,Real,60
UeyRvNFJgL0,Real,120
Y7JWg07GF3o,Real,0
Y7JWg07GF3o,Real,60
Y7JWg07GF3o,Real,120
qnVejcgUgjw,Real,0
qnVejcgUgjw,Real,60
qnVejcgUgjw,Real,120
MKKkuhDLHps,Real,0
MKKkuhDLHps,Real,60
MKKkuhDLHps,Real,120
MKKkuhDLHps,Real,180
MKKkuhDLHps,Real,240
MKKkuhDLHps,Real,300
MKKkuhDLHps,Real,360
TpqP9U9NzSQ,Real,0
TpqP9U9NzSQ,Real,60
TpqP9U9NzSQ,Real,120
TpqP9U9NzSQ,Real,180
7DGeTmex51o,Real,0
7DGeTmex51o,Real,60
7DGeTmex51o,Real,120
7DGeTmex51o,Real,180
qWlLPaImRDY,Real,0
qWlLPaImRDY,Real,60
qWlLPaImRDY,Real,120
qWlLPaImRDY,Real,180
o5jYyNl-bYQ,Real,0
o5jYyNl-bYQ,Real,60
o5jYyNl-bYQ,Real,120
o5jYyNl-bYQ,Real,180
o5jYyNl-bYQ,Real,240
o5jYyNl-bYQ,Real,300
0B-magM6wNs,Real,0
0B-magM6wNs,Real,60
0B-magM6wNs,Real,120
0B-magM6wNs,Real,180
0B-magM6wNs,Real,240
0B-magM6wNs,Real,300
0B-magM6wNs,Real,360
thAIw6vhchw,Real,0
thAIw6vhchw,Real,60
thAIw6vhchw,Real,120
TKPNV0DckMs,Real,0
TKPNV0DckMs,Real,60
TKPNV0DckMs,Real,120
h67Eepf1kas,Real,0
h67Eepf1kas,Real,60
h67Eepf1kas,Real,120
h67Eepf1kas,Real,180
1Wh4lqqBSjA,Real,0
1Wh4lqqBSjA,Real,60
1Wh4lqqBSjA,Real,120
1Wh4lqqBSjA,Real,180
1Wh4lqqBSjA,Real,240
g5sOdcK2hp4,Real,0
g5sOdcK2hp4,Real,60
aYZOYWhwA04,Real,0
aYZOYWhwA04,Real,60
aYZOYWhwA04,Real,120
CXHRd3NhBhQ,Real,0
CXHRd3NhBhQ,Real,60
CXHRd3NhBhQ,Real,120
B-sf5aycPnA,Real,0
B-sf5aycPnA,Real,60
B-sf5aycPnA,Real,120
B-sf5aycPnA,Real,180
zYeGGNTG8Y0,Real,0
zYeGGNTG8Y0,Real,60
zYeGGNTG8Y0,Real,120
VnrplbIae64,Real,0
VnrplbIae64,Real,60
VnrplbIae64,Real,120
VnrplbIae64,Real,180
aqpmmfIwqgA,Real,0
aqpmmfIwqgA,Real,60
aqpmmfIwqgA,Real,120
KXwKKO7s-_M,Real,0
KXwKKO7s-_M,Real,60
KXwKKO7s-_M,Real,120
OMouFnbr7iU,Real,0
OMouFnbr7iU,Real,60
OMouFnbr7iU,Real,120
OMouFnbr7iU,Real,180
9pEKQt0r9TU,Real,0
9pEKQt0r9TU,Real,60
9pEKQt0r9TU,Real,120
9pEKQt0r9TU,Real,180
Z8D8Kp_sMu8,Real,0
Z8D8Kp_sMu8,Real,60
Blqb9HnUF70,Real,0
Blqb9HnUF70,Real,60
uDT3tXnGFYk,Real,0
uDT3tXnGFYk,Real,60
uDT3tXnGFYk,Real,120
G61qDnV23_Q,Real,0
G61qDnV23_Q,Real,60
G61qDnV23_Q,Real,120
RT_wBSd8w4A,Real,0
RT_wBSd8w4A,Real,60
FvAUlhvVxR8,Real,0
FvAUlhvVxR8,Real,60
FvAUlhvVxR8,Real,120
eR8UnjYag-U,Real,0
eR8UnjYag-U,Real,60
eR8UnjYag-U,Real,120
IfAEib9eWb4,Real,0
IfAEib9eWb4,Real,60
IfAEib9eWb4,Real,120
XMWqxyX7jPE,Real,0
XMWqxyX7jPE,Real,60
XMWqxyX7jPE,Real,120
Kf8LXH0PuYE,Real,0
Kf8LXH0PuYE,Real,60
Kf8LXH0PuYE,Real,120
Kf8LXH0PuYE,Real,180
Kf8LXH0PuYE,Real,240
Kf8LXH0PuYE,Real,300
jN21FstgeV8,Real,0
jN21FstgeV8,Real,60
jN21FstgeV8,Real,120
CYgnE45HtVs,Real,0
CYgnE45HtVs,Real,60
CYgnE45HtVs,Real,120
HYyhjxSjfOM,Real,0
UTuW2v-ySa8,AI,0
UTuW2v-ySa8,AI,60
UTuW2v-ySa8,AI,120
mcyrlJxmtXA,AI,0
mcyrlJxmtXA,AI,60
mcyrlJxmtXA,AI,120
m4viFEZyo1U,AI,0
m4viFEZyo1U,AI,60
m4viFEZyo1U,AI,120
m4viFEZyo1U,AI,180
aK4EUJzSpXw,AI,0
aK4EUJzSpXw,AI,60
aK4EUJzSpXw,AI,120
_Qw8oIK7exM,AI,0
_Qw8oIK7exM,AI,60
_Qw8oIK7exM,AI,120
5NNP_nk_VhY,AI,0
5NNP_nk_VhY,AI,60
5NNP_nk_VhY,AI,120
mcyrlJxmtXA,AI,0
mcyrlJxmtXA,AI,60
mcyrlJxmtXA,AI,120
m4viFEZyo1U,AI,0
m4viFEZyo1U,AI,60
m4viFEZyo1U,AI,120
m4viFEZyo1U,AI,180
aK4EUJzSpXw,AI,0
aK4EUJzSpXw,AI,60
aK4EUJzSpXw,AI,120
_Qw8oIK7exM,AI,0
_Qw8oIK7exM,AI,60
_Qw8oIK7exM,AI,120
5NNP_nk_VhY,AI,0
5NNP_nk_VhY,AI,60
5NNP_nk_VhY,AI,120
VkM2JQtth1Q,AI,0
VkM2JQtth1Q,AI,60
VkM2JQtth1Q,AI,120
VkM2JQtth1Q,AI,180
VkM2JQtth1Q,AI,240
VkM2JQtth1Q,AI,300
VkM2JQtth1Q,AI,360
VkM2JQtth1Q,AI,420
VkM2JQtth1Q,AI,480
VkM2JQtth1Q,AI,540
VkM2JQtth1Q,AI,600
VkM2JQtth1Q,AI,660
VkM2JQtth1Q,AI,720
VkM2JQtth1Q,AI,780
VkM2JQtth1Q,AI,840
VkM2JQtth1Q,AI,900
VkM2JQtth1Q,AI,960
VkM2JQtth1Q,AI,1020
VkM2JQtth1Q,AI,1080
VkM2JQtth1Q,AI,1140
VkM2JQtth1Q,AI,1200
VkM2JQtth1Q,AI,1260
VkM2JQtth1Q,AI,1320
VkM2JQtth1Q,AI,1380
VkM2JQtth1Q,AI,1440
VkM2JQtth1Q,AI,1500
VkM2JQtth1Q,AI,1560
VkM2JQtth1Q,AI,1620
VkM2JQtth1Q,AI,1680
VkM2JQtth1Q,AI,1740
VkM2JQtth1Q,AI,1800
VkM2JQtth1Q,AI,1860
VkM2JQtth1Q,AI,1920
VkM2JQtth1Q,AI,1980
VkM2JQtth1Q,AI,2040
VkM2JQtth1Q,AI,2100
VkM2JQtth1Q,AI,2160
VkM2JQtth1Q,AI,2220
VkM2JQtth1Q,AI,2280
VkM2JQtth1Q,AI,2340
VkM2JQtth1Q,AI,2400
VkM2JQtth1Q,AI,2460
VkM2JQtth1Q,AI,2520
VkM2JQtth1Q,AI,2580
VkM2JQtth1Q,AI,2640
VkM2JQtth1Q,AI,2700
VkM2JQtth1Q,AI,2760
VkM2JQtth1Q,AI,2820
VkM2JQtth1Q,AI,2880
VkM2JQtth1Q,AI,2940
VkM2JQtth1Q,AI,3000
VkM2JQtth1Q,AI,3060
VkM2JQtth1Q,AI,3120
VkM2JQtth1Q,AI,3180
VkM2JQtth1Q,AI,3240
VkM2JQtth1Q,AI,3300
VkM2JQtth1Q,AI,3360
VkM2JQtth1Q,AI,3420
VkM2JQtth1Q,AI,3480
VkM2JQtth1Q,AI,3540
VkM2JQtth1Q,AI,3600
VkM2JQtth1Q,AI,3660
VkM2JQtth1Q,AI,3720
VkM2JQtth1Q,AI,3780
V71LaTMTX_A,AI,0
V71LaTMTX_A,AI,60
V71LaTMTX_A,AI,120
V71LaTMTX_A,AI,180
V71LaTMTX_A,AI,240
V71LaTMTX_A,AI,300
V71LaTMTX_A,AI,360
V71LaTMTX_A,AI,420
V71LaTMTX_A,AI,480
V71LaTMTX_A,AI,540
V71LaTMTX_A,AI,600
V71LaTMTX_A,AI,660
V71LaTMTX_A,AI,720
V71LaTMTX_A,AI,780
V71LaTMTX_A,AI,840
V71LaTMTX_A,AI,900
V71LaTMTX_A,AI,960
V71LaTMTX_A,AI,1020
V71LaTMTX_A,AI,1080
V71LaTMTX_A,AI,1140
V71LaTMTX_A,AI,1200
V71LaTMTX_A,AI,1260
V71LaTMTX_A,AI,1320
V71LaTMTX_A,AI,1380
V71LaTMTX_A,AI,1440
V71LaTMTX_A,AI,1500
V71LaTMTX_A,AI,1560
V71LaTMTX_A,AI,1620
V71LaTMTX_A,AI,1680
V71LaTMTX_A,AI,1740
V71LaTMTX_A,AI,1800
V71LaTMTX_A,AI,1860
V71LaTMTX_A,AI,1920
V71LaTMTX_A,AI,1980
V71LaTMTX_A,AI,2040
V71LaTMTX_A,AI,2100
V71LaTMTX_A,AI,2160
V71LaTMTX_A,AI,2220
V71LaTMTX_A,AI,2280
V71LaTMTX_A,AI,2340
V71LaTMTX_A,AI,2400
V71LaTMTX_A,AI,2460
V71LaTMTX_A,AI,2520
V71LaTMTX_A,AI,2580
V71LaTMTX_A,AI,2640
V71LaTMTX_A,AI,2700
V71LaTMTX_A,AI,2760
V71LaTMTX_A,AI,2820
V71LaTMTX_A,AI,2880
V71LaTMTX_A,AI,2940
V71LaTMTX_A,AI,3000
V71LaTMTX_A,AI,3060
V71LaTMTX_A,AI,3120
V71LaTMTX_A,AI,3180
V71LaTMTX_A,AI,3240
V71LaTMTX_A,AI,3300
V71LaTMTX_A,AI,3360
V71LaTMTX_A,AI,3420
V71LaTMTX_A,AI,3480
V71LaTMTX_A,AI,3540
V71LaTMTX_A,AI,3600
V71LaTMTX_A,AI,3660
V71LaTMTX_A,AI,3720
V71LaTMTX_A,AI,3780
V71LaTMTX_A,AI,3840
V71LaTMTX_A,AI,3900
V71LaTMTX_A,AI,3960
V71LaTMTX_A,AI,4020
V71LaTMTX_A,AI,4080
V71LaTMTX_A,AI,4140
V71LaTMTX_A,AI,4200
V71LaTMTX_A,AI,4260
V71LaTMTX_A,AI,4320
V71LaTMTX_A,AI,4380
V71LaTMTX_A,AI,4440
V71LaTMTX_A,AI,4500
V71LaTMTX_A,AI,4560
V71LaTMTX_A,AI,4620
V71LaTMTX_A,AI,4680
V71LaTMTX_A,AI,4740
V71LaTMTX_A,AI,4800
V71LaTMTX_A,AI,4860
V71LaTMTX_A,AI,4920
V71LaTMTX_A,AI,4980
V71LaTMTX_A,AI,5040
V71LaTMTX_A,AI,5100
V71LaTMTX_A,AI,5160
V71LaTMTX_A,AI,5220
V71LaTMTX_A,AI,5280
V71LaTMTX_A,AI,5340
V71LaTMTX_A,AI,5400
V71LaTMTX_A,AI,5460
V71LaTMTX_A,AI,5520
V71LaTMTX_A,AI,5580
V71LaTMTX_A,AI,5640
V71LaTMTX_A,AI,5700
V71LaTMTX_A,AI,5760
V71LaTMTX_A,AI,5820
V71LaTMTX_A,AI,5880
V71LaTMTX_A,AI,5940
V71LaTMTX_A,AI,6000
V71LaTMTX_A,AI,6060
V71LaTMTX_A,AI,6120
V71LaTMTX_A,AI,6180
V71LaTMTX_A,AI,6240
V71LaTMTX_A,AI,6300
V71LaTMTX_A,AI,6360
V71LaTMTX_A,AI,6420
V71LaTMTX_A,AI,6480
V71LaTMTX_A,AI,6540
V71LaTMTX_A,AI,6600
V71LaTMTX_A,AI,6660
V71LaTMTX_A,AI,6720
V71LaTMTX_A,AI,6780
V71LaTMTX_A,AI,6840
V71LaTMTX_A,AI,6900
V71LaTMTX_A,AI,6960
V71LaTMTX_A,AI,7020
V71LaTMTX_A,AI,7080
V71LaTMTX_A,AI,7140
V71LaTMTX_A,AI,7200
V71LaTMTX_A,AI,7260
yPooz-UIvRY,AI,0
yPooz-UIvRY,AI,60
yPooz-UIvRY,AI,120
yPooz-UIvRY,AI,180
yPooz-UIvRY,AI,240
yPooz-UIvRY,AI,300
yPooz-UIvRY,AI,360
yPooz-UIvRY,AI,420
yPooz-UIvRY,AI,480
yPooz-UIvRY,AI,540
yPooz-UIvRY,AI,600
yPooz-UIvRY,AI,660
yPooz-UIvRY,AI,720
yPooz-UIvRY,AI,780
yPooz-UIvRY,AI,840
yPooz-UIvRY,AI,900
yPooz-UIvRY,AI,960
yPooz-UIvRY,AI,1020
yPooz-UIvRY,AI,1080
yPooz-UIvRY,AI,1140
yPooz-UIvRY,AI,1200
yPooz-UIvRY,AI,1260
yPooz-UIvRY,AI,1320
yPooz-UIvRY,AI,1380
yPooz-UIvRY,AI,1440
yPooz-UIvRY,AI,1500
yPooz-UIvRY,AI,1560
yPooz-UIvRY,AI,1620
yPooz-UIvRY,AI,1680
yPooz-UIvRY,AI,1740
yPooz-UIvRY,AI,1800
yPooz-UIvRY,AI,1860
yPooz-UIvRY,AI,1920
yPooz-UIvRY,AI,1980
yPooz-UIvRY,AI,2040
yPooz-UIvRY,AI,2100
yPooz-UIvRY,AI,2160
yPooz-UIvRY,AI,2220
yPooz-UIvRY,AI,2280
yPooz-UIvRY,AI,2340
yPooz-UIvRY,AI,2400
yPooz-UIvRY,AI,2460
yPooz-UIvRY,AI,2520
yPooz-UIvRY,AI,2580
yPooz-UIvRY,AI,2640
yPooz-UIvRY,AI,2700
yPooz-UIvRY,AI,2760
yPooz-UIvRY,AI,2820
yPooz-UIvRY,AI,2880
yPooz-UIvRY,AI,2940
yPooz-UIvRY,AI,3000
yPooz-UIvRY,AI,3060
yPooz-UIvRY,AI,3120
yPooz-UIvRY,AI,3180
yPooz-UIvRY,AI,3240
yPooz-UIvRY,AI,3300
yPooz-UIvRY,AI,3360
yPooz-UIvRY,AI,3420
yPooz-UIvRY,AI,3480
yPooz-UIvRY,AI,3540
yPooz-UIvRY,AI,3600
yPooz-UIvRY,AI,3660
yPooz-UIvRY,AI,3720
yPooz-UIvRY,AI,3780
yPooz-UIvRY,AI,3840
yPooz-UIvRY,AI,3900
yPooz-UIvRY,AI,3960
yPooz-UIvRY,AI,4020
yPooz-UIvRY,AI,4080
eoLa8k2Eh30,AI,0
eoLa8k2Eh30,AI,60
eoLa8k2Eh30,AI,120
eoLa8k2Eh30,AI,180
eoLa8k2Eh30,AI,240
eoLa8k2Eh30,AI,300
eoLa8k2Eh30,AI,360
eoLa8k2Eh30,AI,420
eoLa8k2Eh30,AI,480
eoLa8k2Eh30,AI,540
eoLa8k2Eh30,AI,600
eoLa8k2Eh30,AI,660
eoLa8k2Eh30,AI,720
eoLa8k2Eh30,AI,780
eoLa8k2Eh30,AI,840
eoLa8k2Eh30,AI,900
eoLa8k2Eh30,AI,960
eoLa8k2Eh30,AI,1020
eoLa8k2Eh30,AI,1080
eoLa8k2Eh30,AI,1140
eoLa8k2Eh30,AI,1200
eoLa8k2Eh30,AI,1260
eoLa8k2Eh30,AI,1320
eoLa8k2Eh30,AI,1380
eoLa8k2Eh30,AI,1440
eoLa8k2Eh30,AI,1500
eoLa8k2Eh30,AI,1560
eoLa8k2Eh30,AI,1620
eoLa8k2Eh30,AI,1680
eoLa8k2Eh30,AI,1740
eoLa8k2Eh30,AI,1800
eoLa8k2Eh30,AI,1860
eoLa8k2Eh30,AI,1920
eoLa8k2Eh30,AI,1980
eoLa8k2Eh30,AI,2040
eoLa8k2Eh30,AI,2100
eoLa8k2Eh30,AI,2160
eoLa8k2Eh30,AI,2220
eoLa8k2Eh30,AI,2280
eoLa8k2Eh30,AI,2340
eoLa8k2Eh30,AI,2400
eoLa8k2Eh30,AI,2460
eoLa8k2Eh30,AI,2520
eoLa8k2Eh30,AI,2580
eoLa8k2Eh30,AI,2640
eoLa8k2Eh30,AI,2700
eoLa8k2Eh30,AI,2760
eoLa8k2Eh30,AI,2820
eoLa8k2Eh30,AI,2880
eoLa8k2Eh30,AI,2940
eoLa8k2Eh30,AI,3000
eoLa8k2Eh30,AI,3060
eoLa8k2Eh30,AI,3120
eoLa8k2Eh30,AI,3180
eoLa8k2Eh30,AI,3240
eoLa8k2Eh30,AI,3300
eoLa8k2Eh30,AI,3360
eoLa8k2Eh30,AI,3420
eoLa8k2Eh30,AI,3480
eoLa8k2Eh30,AI,3540
eoLa8k2Eh30,AI,3600
eoLa8k2Eh30,AI,3660
eoLa8k2Eh30,AI,3720
eoLa8k2Eh30,AI,3780
eoLa8k2Eh30,AI,3840
eoLa8k2Eh30,AI,3900
eoLa8k2Eh30,AI,3960
eoLa8k2Eh30,AI,4020
eoLa8k2Eh30,AI,4080
eoLa8k2Eh30,AI,4140
eoLa8k2Eh30,AI,4200
eoLa8k2Eh30,AI,4260
eoLa8k2Eh30,AI,4320
eoLa8k2Eh30,AI,4380
eoLa8k2Eh30,AI,4440
eoLa8k2Eh30,AI,4500
eoLa8k2Eh30,AI,4560
eoLa8k2Eh30,AI,4620
eoLa8k2Eh30,AI,4680
eoLa8k2Eh30,AI,4740
eoLa8k2Eh30,AI,4800
eoLa8k2Eh30,AI,4860
eoLa8k2Eh30,AI,4920
eoLa8k2Eh30,AI,4980
eoLa8k2Eh30,AI,5040
eoLa8k2Eh30,AI,5100
eoLa8k2Eh30,AI,5160
eoLa8k2Eh30,AI,5220
eoLa8k2Eh30,AI,5280
eoLa8k2Eh30,AI,5340
eoLa8k2Eh30,AI,5400
eoLa8k2Eh30,AI,5460
eoLa8k2Eh30,AI,5520
eoLa8k2Eh30,AI,5580
eoLa8k2Eh30,AI,5640
II1Wj2Pnp1I,AI,0
II1Wj2Pnp1I,AI,60
II1Wj2Pnp1I,AI,120
II1Wj2Pnp1I,AI,180
II1Wj2Pnp1I,AI,240
II1Wj2Pnp1I,AI,300
II1Wj2Pnp1I,AI,360
II1Wj2Pnp1I,AI,420
II1Wj2Pnp1I,AI,480
II1Wj2Pnp1I,AI,540
II1Wj2Pnp1I,AI,600
II1Wj2Pnp1I,AI,660
II1Wj2Pnp1I,AI,720
II1Wj2Pnp1I,AI,780
II1Wj2Pnp1I,AI,840
II1Wj2Pnp1I,AI,900
II1Wj2Pnp1I,AI,960
II1Wj2Pnp1I,AI,1020
II1Wj2Pnp1I,AI,1080
II1Wj2Pnp1I,AI,1140
II1Wj2Pnp1I,AI,1200
II1Wj2Pnp1I,AI,1260
II1Wj2Pnp1I,AI,1320
II1Wj2Pnp1I,AI,1380
II1Wj2Pnp1I,AI,1440
II1Wj2Pnp1I,AI,1500
II1Wj2Pnp1I,AI,1560
II1Wj2Pnp1I,AI,1620
II1Wj2Pnp1I,AI,1680
II1Wj2Pnp1I,AI,1740
II1Wj2Pnp1I,AI,1800
II1Wj2Pnp1I,AI,1860
II1Wj2Pnp1I,AI,1920
II1Wj2Pnp1I,AI,1980
II1Wj2Pnp1I,AI,2040
II1Wj2Pnp1I,AI,2100
II1Wj2Pnp1I,AI,2160
II1Wj2Pnp1I,AI,2220
II1Wj2Pnp1I,AI,2280
II1Wj2Pnp1I,AI,2340
II1Wj2Pnp1I,AI,2400
II1Wj2Pnp1I,AI,2460
II1Wj2Pnp1I,AI,2520
II1Wj2Pnp1I,AI,2580
II1Wj2Pnp1I,AI,2640
II1Wj2Pnp1I,AI,2700
II1Wj2Pnp1I,AI,2760
II1Wj2Pnp1I,AI,2820
II1Wj2Pnp1I,AI,2880
II1Wj2Pnp1I,AI,2940
II1Wj2Pnp1I,AI,3000
II1Wj2Pnp1I,AI,3060
II1Wj2Pnp1I,AI,3120
II1Wj2Pnp1I,AI,3180
II1Wj2Pnp1I,AI,3240
II1Wj2Pnp1I,AI,3300
II1Wj2Pnp1I,AI,3360
II1Wj2Pnp1I,AI,3420
II1Wj2Pnp1I,AI,3480
II1Wj2Pnp1I,AI,3540
II1Wj2Pnp1I,AI,3600
II1Wj2Pnp1I,AI,3660
II1Wj2Pnp1I,AI,3720
KadeNcdV3Sw,AI,0
KadeNcdV3Sw,AI,60
KadeNcdV3Sw,AI,120
KadeNcdV3Sw,AI,180
KadeNcdV3Sw,AI,240
KadeNcdV3Sw,AI,300
KadeNcdV3Sw,AI,360
KadeNcdV3Sw,AI,420
KadeNcdV3Sw,AI,480
KadeNcdV3Sw,AI,540
KadeNcdV3Sw,AI,600
KadeNcdV3Sw,AI,660
KadeNcdV3Sw,AI,720
KadeNcdV3Sw,AI,780
KadeNcdV3Sw,AI,840
KadeNcdV3Sw,AI,900
KadeNcdV3Sw,AI,960
KadeNcdV3Sw,AI,1020
KadeNcdV3Sw,AI,1080
KadeNcdV3Sw,AI,1140
KadeNcdV3Sw,AI,1200
KadeNcdV3Sw,AI,1260
KadeNcdV3Sw,AI,1320
KadeNcdV3Sw,AI,1380
KadeNcdV3Sw,AI,1440
KadeNcdV3Sw,AI,1500
KadeNcdV3Sw,AI,1560
KadeNcdV3Sw,AI,1620
KadeNcdV3Sw,AI,1680
KadeNcdV3Sw,AI,1740
KadeNcdV3Sw,AI,1800
KadeNcdV3Sw,AI,1860
KadeNcdV3Sw,AI,1920
KadeNcdV3Sw,AI,1980
KadeNcdV3Sw,AI,2040
KadeNcdV3Sw,AI,2100
KadeNcdV3Sw,AI,2160
KadeNcdV3Sw,AI,2220
KadeNcdV3Sw,AI,2280
KadeNcdV3Sw,AI,2340
KadeNcdV3Sw,AI,2400
KadeNcdV3Sw,AI,2460
KadeNcdV3Sw,AI,2520
KadeNcdV3Sw,AI,2580
KadeNcdV3Sw,AI,2640
KadeNcdV3Sw,AI,2700
KadeNcdV3Sw,AI,2760
KadeNcdV3Sw,AI,2820
KadeNcdV3Sw,AI,2880
KadeNcdV3Sw,AI,2940
KadeNcdV3Sw,AI,3000
KadeNcdV3Sw,AI,3060
KadeNcdV3Sw,AI,3120
KadeNcdV3Sw,AI,3180
KadeNcdV3Sw,AI,3240
KadeNcdV3Sw,AI,3300
KadeNcdV3Sw,AI,3360
KadeNcdV3Sw,AI,3420
KadeNcdV3Sw,AI,3480
KadeNcdV3Sw,AI,3540
KadeNcdV3Sw,AI,3600
KadeNcdV3Sw,AI,3660
KadeNcdV3Sw,AI,3720
KadeNcdV3Sw,AI,3780
KadeNcdV3Sw,AI,3840
KadeNcdV3Sw,AI,3900
KadeNcdV3Sw,AI,3960
KadeNcdV3Sw,AI,4020
-MqjagwDxLY,AI,0
-MqjagwDxLY,AI,60
-MqjagwDxLY,AI,120
-MqjagwDxLY,AI,180
-MqjagwDxLY,AI,240
-MqjagwDxLY,AI,300
-MqjagwDxLY,AI,360
-MqjagwDxLY,AI,420
-MqjagwDxLY,AI,480
-MqjagwDxLY,AI,540
-MqjagwDxLY,AI,600
-MqjagwDxLY,AI,660
-MqjagwDxLY,AI,720
-MqjagwDxLY,AI,780
-MqjagwDxLY,AI,840
-MqjagwDxLY,AI,900
-MqjagwDxLY,AI,960
-MqjagwDxLY,AI,1020
-MqjagwDxLY,AI,1080
-MqjagwDxLY,AI,1140
-MqjagwDxLY,AI,1200
-MqjagwDxLY,AI,1260
-MqjagwDxLY,AI,1320
-MqjagwDxLY,AI,1380
-MqjagwDxLY,AI,1440
-MqjagwDxLY,AI,1500
-MqjagwDxLY,AI,1560
-MqjagwDxLY,AI,1620
-MqjagwDxLY,AI,1680
-MqjagwDxLY,AI,1740
-MqjagwDxLY,AI,1800
-MqjagwDxLY,AI,1860
-MqjagwDxLY,AI,1920
-MqjagwDxLY,AI,1980
-MqjagwDxLY,AI,2040
-MqjagwDxLY,AI,2100
-MqjagwDxLY,AI,2160
-MqjagwDxLY,AI,2220
-MqjagwDxLY,AI,2280
-MqjagwDxLY,AI,2340
-MqjagwDxLY,AI,2400
-MqjagwDxLY,AI,2460
-MqjagwDxLY,AI,2520
-MqjagwDxLY,AI,2580
-MqjagwDxLY,AI,2640
-MqjagwDxLY,AI,2700
-MqjagwDxLY,AI,2760
-MqjagwDxLY,AI,2820
-MqjagwDxLY,AI,2880
-MqjagwDxLY,AI,2940
-MqjagwDxLY,AI,3000
-MqjagwDxLY,AI,3060
-MqjagwDxLY,AI,3120
-MqjagwDxLY,AI,3180
-MqjagwDxLY,AI,3240
-MqjagwDxLY,AI,3300
-MqjagwDxLY,AI,3360
-MqjagwDxLY,AI,3420
-MqjagwDxLY,AI,3480
-MqjagwDxLY,AI,3540
-MqjagwDxLY,AI,3600
-MqjagwDxLY,AI,3660
-MqjagwDxLY,AI,3720
-MqjagwDxLY,AI,3780
-MqjagwDxLY,AI,3840
-MqjagwDxLY,AI,3900
-MqjagwDxLY,AI,3960
-MqjagwDxLY,AI,4020
-MqjagwDxLY,AI,4080
-MqjagwDxLY,AI,4140
-MqjagwDxLY,AI,4200
c9k6sm-5-X8,AI,0
c9k6sm-5-X8,AI,60
c9k6sm-5-X8,AI,120
c9k6sm-5-X8,AI,180
c9k6sm-5-X8,AI,240
c9k6sm-5-X8,AI,300
c9k6sm-5-X8,AI,360
c9k6sm-5-X8,AI,420
c9k6sm-5-X8,AI,480
c9k6sm-5-X8,AI,540
c9k6sm-5-X8,AI,600
c9k6sm-5-X8,AI,660
c9k6sm-5-X8,AI,720
c9k6sm-5-X8,AI,780
c9k6sm-5-X8,AI,840
c9k6sm-5-X8,AI,900
c9k6sm-5-X8,AI,960
c9k6sm-5-X8,AI,1020
c9k6sm-5-X8,AI,1080
c9k6sm-5-X8,AI,1140
c9k6sm-5-X8,AI,1200
c9k6sm-5-X8,AI,1260
c9k6sm-5-X8,AI,1320
c9k6sm-5-X8,AI,1380
c9k6sm-5-X8,AI,1440
c9k6sm-5-X8,AI,1500
c9k6sm-5-X8,AI,1560
c9k6sm-5-X8,AI,1620
c9k6sm-5-X8,AI,1680
c9k6sm-5-X8,AI,1740
c9k6sm-5-X8,AI,1800
c9k6sm-5-X8,AI,1860
c9k6sm-5-X8,AI,1920
c9k6sm-5-X8,AI,1980
c9k6sm-5-X8,AI,2040
c9k6sm-5-X8,AI,2100
c9k6sm-5-X8,AI,2160
c9k6sm-5-X8,AI,2220
c9k6sm-5-X8,AI,2280
c9k6sm-5-X8,AI,2340
c9k6sm-5-X8,AI,2400
c9k6sm-5-X8,AI,2460
c9k6sm-5-X8,AI,2520
c9k6sm-5-X8,AI,2580
c9k6sm-5-X8,AI,2640
c9k6sm-5-X8,AI,2700
c9k6sm-5-X8,AI,2760
c9k6sm-5-X8,AI,2820
c9k6sm-5-X8,AI,2880
c9k6sm-5-X8,AI,2940
c9k6sm-5-X8,AI,3000
c9k6sm-5-X8,AI,3060
c9k6sm-5-X8,AI,3120
c9k6sm-5-X8,AI,3180
c9k6sm-5-X8,AI,3240
c9k6sm-5-X8,AI,3300
c9k6sm-5-X8,AI,3360
c9k6sm-5-X8,AI,3420
c9k6sm-5-X8,AI,3480
c9k6sm-5-X8,AI,3540
c9k6sm-5-X8,AI,3600
c9k6sm-5-X8,AI,3660
c9k6sm-5-X8,AI,3720
c9k6sm-5-X8,AI,3780
c9k6sm-5-X8,AI,3840
c9k6sm-5-X8,AI,3900
c9k6sm-5-X8,AI,3960
Ls28eKZ_jos,AI,0
Ls28eKZ_jos,AI,60
Ls28eKZ_jos,AI,120
Ls28eKZ_jos,AI,180
Ls28eKZ_jos,AI,240
Ls28eKZ_jos,AI,300
Ls28eKZ_jos,AI,360
Ls28eKZ_jos,AI,420
Ls28eKZ_jos,AI,480
Ls28eKZ_jos,AI,540
Ls28eKZ_jos,AI,600
Ls28eKZ_jos,AI,660
Ls28eKZ_jos,AI,720
Ls28eKZ_jos,AI,780
Ls28eKZ_jos,AI,840
Ls28eKZ_jos,AI,900
Ls28eKZ_jos,AI,960
Ls28eKZ_jos,AI,1020
Ls28eKZ_jos,AI,1080
Ls28eKZ_jos,AI,1140
Ls28eKZ_jos,AI,1200
Ls28eKZ_jos,AI,1260
Ls28eKZ_jos,AI,1320
Ls28eKZ_jos,AI,1380
Ls28eKZ_jos,AI,1440
Ls28eKZ_jos,AI,1500
Ls28eKZ_jos,AI,1560
Ls28eKZ_jos,AI,1620
Ls28eKZ_jos,AI,1680
Ls28eKZ_jos,AI,1740
Ls28eKZ_jos,AI,1800
Ls28eKZ_jos,AI,1860
Ls28eKZ_jos,AI,1920
Ls28eKZ_jos,AI,1980
Ls28eKZ_jos,AI,2040
Ls28eKZ_jos,AI,2100
Ls28eKZ_jos,AI,2160
Ls28eKZ_jos,AI,2220
Ls28eKZ_jos,AI,2280
Ls28eKZ_jos,AI,2340
Ls28eKZ_jos,AI,2400
Ls28eKZ_jos,AI,2460
Ls28eKZ_jos,AI,2520
Ls28eKZ_jos,AI,2580
Ls28eKZ_jos,AI,2640
Ls28eKZ_jos,AI,2700
Ls28eKZ_jos,AI,2760
Ls28eKZ_jos,AI,2820
Ls28eKZ_jos,AI,2880
Ls28eKZ_jos,AI,2940
Ls28eKZ_jos,AI,3000
Ls28eKZ_jos,AI,3060
Ls28eKZ_jos,AI,3120
Ls28eKZ_jos,AI,3180
Ls28eKZ_jos,AI,3240
Ls28eKZ_jos,AI,3300
Ls28eKZ_jos,AI,3360
Ls28eKZ_jos,AI,3420
Ls28eKZ_jos,AI,3480
Ls28eKZ_jos,AI,3540
Ls28eKZ_jos,AI,3600
Ls28eKZ_jos,AI,3660
Ls28eKZ_jos,AI,3720
Ls28eKZ_jos,AI,3780
Ls28eKZ_jos,AI,3840
Ls28eKZ_jos,AI,3900
Ls28eKZ_jos,AI,3960
Ls28eKZ_jos,AI,4020
Ls28eKZ_jos,AI,4080
Ls28eKZ_jos,AI,4140
Ls28eKZ_jos,AI,4200
Ls28eKZ_jos,AI,4260
Ls28eKZ_jos,AI,4320
vklvw5E5He0,AI,0
vklvw5E5He0,AI,60
vklvw5E5He0,AI,120
vklvw5E5He0,AI,180
vklvw5E5He0,AI,240
vklvw5E5He0,AI,300
vklvw5E5He0,AI,360
vklvw5E5He0,AI,420
vklvw5E5He0,AI,480
vklvw5E5He0,AI,540
vklvw5E5He0,AI,600
vklvw5E5He0,AI,660
vklvw5E5He0,AI,720
vklvw5E5He0,AI,780
vklvw5E5He0,AI,840
vklvw5E5He0,AI,900
vklvw5E5He0,AI,960
vklvw5E5He0,AI,1020
vklvw5E5He0,AI,1080
vklvw5E5He0,AI,1140
vklvw5E5He0,AI,1200
vklvw5E5He0,AI,1260
vklvw5E5He0,AI,1320
vklvw5E5He0,AI,1380
vklvw5E5He0,AI,1440
vklvw5E5He0,AI,1500
vklvw5E5He0,AI,1560
vklvw5E5He0,AI,1620
vklvw5E5He0,AI,1680
vklvw5E5He0,AI,1740
vklvw5E5He0,AI,1800
vklvw5E5He0,AI,1860
vklvw5E5He0,AI,1920
vklvw5E5He0,AI,1980
vklvw5E5He0,AI,2040
vklvw5E5He0,AI,2100
vklvw5E5He0,AI,2160
vklvw5E5He0,AI,2220
vklvw5E5He0,AI,2280
vklvw5E5He0,AI,2340
vklvw5E5He0,AI,2400
vklvw5E5He0,AI,2460
vklvw5E5He0,AI,2520
vklvw5E5He0,AI,2580
vklvw5E5He0,AI,2640
vklvw5E5He0,AI,2700
vklvw5E5He0,AI,2760
vklvw5E5He0,AI,2820
vklvw5E5He0,AI,2880
vklvw5E5He0,AI,2940
vklvw5E5He0,AI,3000
vklvw5E5He0,AI,3060
vklvw5E5He0,AI,3120
vklvw5E5He0,AI,3180
vklvw5E5He0,AI,3240
vklvw5E5He0,AI,3300
vklvw5E5He0,AI,3360
vklvw5E5He0,AI,3420
vklvw5E5He0,AI,3480
vklvw5E5He0,AI,3540
vklvw5E5He0,AI,3600
vklvw5E5He0,AI,3660
vklvw5E5He0,AI,3720
vklvw5E5He0,AI,3780
vklvw5E5He0,AI,3840
vklvw5E5He0,AI,3900
vklvw5E5He0,AI,3960
vklvw5E5He0,AI,4020
vklvw5E5He0,AI,4080
vklvw5E5He0,AI,4140
vklvw5E5He0,AI,4200
vklvw5E5He0,AI,4260
vklvw5E5He0,AI,4320
vklvw5E5He0,AI,4380
vklvw5E5He0,AI,4440
vklvw5E5He0,AI,4500
vklvw5E5He0,AI,4560
vklvw5E5He0,AI,4620
vklvw5E5He0,AI,4680
vklvw5E5He0,AI,4740
vklvw5E5He0,AI,4800
vklvw5E5He0,AI,4860
vklvw5E5He0,AI,4920
vklvw5E5He0,AI,4980
vklvw5E5He0,AI,5040
vklvw5E5He0,AI,5100
vklvw5E5He0,AI,5160
vklvw5E5He0,AI,5220
vklvw5E5He0,AI,5280
vklvw5E5He0,AI,5340
vklvw5E5He0,AI,5400
vklvw5E5He0,AI,5460
vklvw5E5He0,AI,5520
vklvw5E5He0,AI,5580
vklvw5E5He0,AI,5640
vklvw5E5He0,AI,5700
vklvw5E5He0,AI,5760
vklvw5E5He0,AI,5820
vklvw5E5He0,AI,5880
vklvw5E5He0,AI,5940
vklvw5E5He0,AI,6000
vklvw5E5He0,AI,6060
vklvw5E5He0,AI,6120
vklvw5E5He0,AI,6180
vklvw5E5He0,AI,6240
vklvw5E5He0,AI,6300
vklvw5E5He0,AI,6360
vklvw5E5He0,AI,6420
vklvw5E5He0,AI,6480
vklvw5E5He0,AI,6540
vklvw5E5He0,AI,6600
vklvw5E5He0,AI,6660
vklvw5E5He0,AI,6720
vklvw5E5He0,AI,6780
hdHOSs1oqLg,AI,0
hdHOSs1oqLg,AI,60
hdHOSs1oqLg,AI,120
hdHOSs1oqLg,AI,180
hdHOSs1oqLg,AI,240
hdHOSs1oqLg,AI,300
hdHOSs1oqLg,AI,360
hdHOSs1oqLg,AI,420
hdHOSs1oqLg,AI,480
hdHOSs1oqLg,AI,540
hdHOSs1oqLg,AI,600
hdHOSs1oqLg,AI,660
hdHOSs1oqLg,AI,720
hdHOSs1oqLg,AI,780
hdHOSs1oqLg,AI,840
hdHOSs1oqLg,AI,900
hdHOSs1oqLg,AI,960
hdHOSs1oqLg,AI,1020
hdHOSs1oqLg,AI,1080
hdHOSs1oqLg,AI,1140
hdHOSs1oqLg,AI,1200
hdHOSs1oqLg,AI,1260
hdHOSs1oqLg,AI,1320
hdHOSs1oqLg,AI,1380
hdHOSs1oqLg,AI,1440
hdHOSs1oqLg,AI,1500
hdHOSs1oqLg,AI,1560
hdHOSs1oqLg,AI,1620
hdHOSs1oqLg,AI,1680
hdHOSs1oqLg,AI,1740
hdHOSs1oqLg,AI,1800
hdHOSs1oqLg,AI,1860
hdHOSs1oqLg,AI,1920
hdHOSs1oqLg,AI,1980
hdHOSs1oqLg,AI,2040
hdHOSs1oqLg,AI,2100
hdHOSs1oqLg,AI,2160
hdHOSs1oqLg,AI,2220
hdHOSs1oqLg,AI,2280
hdHOSs1oqLg,AI,2340
hdHOSs1oqLg,AI,2400
hdHOSs1oqLg,AI,2460
hdHOSs1oqLg,AI,2520
hdHOSs1oqLg,AI,2580
hdHOSs1oqLg,AI,2640
hdHOSs1oqLg,AI,2700
hdHOSs1oqLg,AI,2760
hdHOSs1oqLg,AI,2820
hdHOSs1oqLg,AI,2880
hdHOSs1oqLg,AI,2940
hdHOSs1oqLg,AI,3000
hdHOSs1oqLg,AI,3060
hdHOSs1oqLg,AI,3120
hdHOSs1oqLg,AI,3180
hdHOSs1oqLg,AI,3240
hdHOSs1oqLg,AI,3300
hdHOSs1oqLg,AI,3360
hdHOSs1oqLg,AI,3420
hdHOSs1oqLg,AI,3480
hdHOSs1oqLg,AI,3540
hdHOSs1oqLg,AI,3600
CGT-Dnvyl9I,AI,0
CGT-Dnvyl9I,AI,60
CGT-Dnvyl9I,AI,120
CGT-Dnvyl9I,AI,180
CGT-Dnvyl9I,AI,240
CGT-Dnvyl9I,AI,300
CGT-Dnvyl9I,AI,360
CGT-Dnvyl9I,AI,420
CGT-Dnvyl9I,AI,480
CGT-Dnvyl9I,AI,540
CGT-Dnvyl9I,AI,600
CGT-Dnvyl9I,AI,660
CGT-Dnvyl9I,AI,720
CGT-Dnvyl9I,AI,780
CGT-Dnvyl9I,AI,840
CGT-Dnvyl9I,AI,900
CGT-Dnvyl9I,AI,960
CGT-Dnvyl9I,AI,1020
CGT-Dnvyl9I,AI,1080
CGT-Dnvyl9I,AI,1140
CGT-Dnvyl9I,AI,1200
CGT-Dnvyl9I,AI,1260
CGT-Dnvyl9I,AI,1320
CGT-Dnvyl9I,AI,1380
CGT-Dnvyl9I,AI,1440
CGT-Dnvyl9I,AI,1500
CGT-Dnvyl9I,AI,1560
CGT-Dnvyl9I,AI,1620
CGT-Dnvyl9I,AI,1680
CGT-Dnvyl9I,AI,1740
CGT-Dnvyl9I,AI,1800
CGT-Dnvyl9I,AI,1860
CGT-Dnvyl9I,AI,1920
CGT-Dnvyl9I,AI,1980
CGT-Dnvyl9I,AI,2040
CGT-Dnvyl9I,AI,2100
CGT-Dnvyl9I,AI,2160
CGT-Dnvyl9I,AI,2220
CGT-Dnvyl9I,AI,2280
CGT-Dnvyl9I,AI,2340
CGT-Dnvyl9I,AI,2400
CGT-Dnvyl9I,AI,2460
CGT-Dnvyl9I,AI,2520
CGT-Dnvyl9I,AI,2580
CGT-Dnvyl9I,AI,2640
CGT-Dnvyl9I,AI,2700
CGT-Dnvyl9I,AI,2760
CGT-Dnvyl9I,AI,2820
CGT-Dnvyl9I,AI,2880
CGT-Dnvyl9I,AI,2940
CGT-Dnvyl9I,AI,3000
CGT-Dnvyl9I,AI,3060
CGT-Dnvyl9I,AI,3120
CGT-Dnvyl9I,AI,3180
CGT-Dnvyl9I,AI,3240
CGT-Dnvyl9I,AI,3300
CGT-Dnvyl9I,AI,3360
CGT-Dnvyl9I,AI,3420
CGT-Dnvyl9I,AI,3480
CGT-Dnvyl9I,AI,3540
CGT-Dnvyl9I,AI,3600
CGT-Dnvyl9I,AI,3660
CGT-Dnvyl9I,AI,3720